[{"model": "auth.permission", "pk": 1, "fields": {"name": "Can add permission", "content_type": 1, "codename": "add_permission"}}, {"model": "auth.permission", "pk": 2, "fields": {"name": "Can change permission", "content_type": 1, "codename": "change_permission"}}, {"model": "auth.permission", "pk": 3, "fields": {"name": "Can delete permission", "content_type": 1, "codename": "delete_permission"}}, {"model": "auth.permission", "pk": 4, "fields": {"name": "Can view permission", "content_type": 1, "codename": "view_permission"}}, {"model": "auth.permission", "pk": 5, "fields": {"name": "Can add group", "content_type": 2, "codename": "add_group"}}, {"model": "auth.permission", "pk": 6, "fields": {"name": "Can change group", "content_type": 2, "codename": "change_group"}}, {"model": "auth.permission", "pk": 7, "fields": {"name": "Can delete group", "content_type": 2, "codename": "delete_group"}}, {"model": "auth.permission", "pk": 8, "fields": {"name": "Can view group", "content_type": 2, "codename": "view_group"}}, {"model": "auth.permission", "pk": 9, "fields": {"name": "Can add content type", "content_type": 3, "codename": "add_contenttype"}}, {"model": "auth.permission", "pk": 10, "fields": {"name": "Can change content type", "content_type": 3, "codename": "change_contenttype"}}, {"model": "auth.permission", "pk": 11, "fields": {"name": "Can delete content type", "content_type": 3, "codename": "delete_contenttype"}}, {"model": "auth.permission", "pk": 12, "fields": {"name": "Can view content type", "content_type": 3, "codename": "view_contenttype"}}, {"model": "auth.permission", "pk": 13, "fields": {"name": "Can add session", "content_type": 4, "codename": "add_session"}}, {"model": "auth.permission", "pk": 14, "fields": {"name": "Can change session", "content_type": 4, "codename": "change_session"}}, {"model": "auth.permission", "pk": 15, "fields": {"name": "Can delete session", "content_type": 4, "codename": "delete_session"}}, {"model": "auth.permission", "pk": 16, "fields": {"name": "Can view session", "content_type": 4, "codename": "view_session"}}, {"model": "auth.permission", "pk": 17, "fields": {"name": "Can add site", "content_type": 5, "codename": "add_site"}}, {"model": "auth.permission", "pk": 18, "fields": {"name": "Can change site", "content_type": 5, "codename": "change_site"}}, {"model": "auth.permission", "pk": 19, "fields": {"name": "Can delete site", "content_type": 5, "codename": "delete_site"}}, {"model": "auth.permission", "pk": 20, "fields": {"name": "Can view site", "content_type": 5, "codename": "view_site"}}, {"model": "auth.permission", "pk": 21, "fields": {"name": "Can add log entry", "content_type": 6, "codename": "add_logentry"}}, {"model": "auth.permission", "pk": 22, "fields": {"name": "Can change log entry", "content_type": 6, "codename": "change_logentry"}}, {"model": "auth.permission", "pk": 23, "fields": {"name": "Can delete log entry", "content_type": 6, "codename": "delete_logentry"}}, {"model": "auth.permission", "pk": 24, "fields": {"name": "Can view log entry", "content_type": 6, "codename": "view_logentry"}}, {"model": "auth.permission", "pk": 25, "fields": {"name": "Can add email address", "content_type": 7, "codename": "add_emailaddress"}}, {"model": "auth.permission", "pk": 26, "fields": {"name": "Can change email address", "content_type": 7, "codename": "change_emailaddress"}}, {"model": "auth.permission", "pk": 27, "fields": {"name": "Can delete email address", "content_type": 7, "codename": "delete_emailaddress"}}, {"model": "auth.permission", "pk": 28, "fields": {"name": "Can view email address", "content_type": 7, "codename": "view_emailaddress"}}, {"model": "auth.permission", "pk": 29, "fields": {"name": "Can add email confirmation", "content_type": 8, "codename": "add_emailconfirmation"}}, {"model": "auth.permission", "pk": 30, "fields": {"name": "Can change email confirmation", "content_type": 8, "codename": "change_emailconfirmation"}}, {"model": "auth.permission", "pk": 31, "fields": {"name": "Can delete email confirmation", "content_type": 8, "codename": "delete_emailconfirmation"}}, {"model": "auth.permission", "pk": 32, "fields": {"name": "Can view email confirmation", "content_type": 8, "codename": "view_emailconfirmation"}}, {"model": "auth.permission", "pk": 33, "fields": {"name": "Can add social account", "content_type": 9, "codename": "add_socialaccount"}}, {"model": "auth.permission", "pk": 34, "fields": {"name": "Can change social account", "content_type": 9, "codename": "change_socialaccount"}}, {"model": "auth.permission", "pk": 35, "fields": {"name": "Can delete social account", "content_type": 9, "codename": "delete_socialaccount"}}, {"model": "auth.permission", "pk": 36, "fields": {"name": "Can view social account", "content_type": 9, "codename": "view_socialaccount"}}, {"model": "auth.permission", "pk": 37, "fields": {"name": "Can add social application", "content_type": 10, "codename": "add_socialapp"}}, {"model": "auth.permission", "pk": 38, "fields": {"name": "Can change social application", "content_type": 10, "codename": "change_socialapp"}}, {"model": "auth.permission", "pk": 39, "fields": {"name": "Can delete social application", "content_type": 10, "codename": "delete_socialapp"}}, {"model": "auth.permission", "pk": 40, "fields": {"name": "Can view social application", "content_type": 10, "codename": "view_socialapp"}}, {"model": "auth.permission", "pk": 41, "fields": {"name": "Can add social application token", "content_type": 11, "codename": "add_socialtoken"}}, {"model": "auth.permission", "pk": 42, "fields": {"name": "Can change social application token", "content_type": 11, "codename": "change_socialtoken"}}, {"model": "auth.permission", "pk": 43, "fields": {"name": "Can delete social application token", "content_type": 11, "codename": "delete_socialtoken"}}, {"model": "auth.permission", "pk": 44, "fields": {"name": "Can view social application token", "content_type": 11, "codename": "view_socialtoken"}}, {"model": "auth.permission", "pk": 45, "fields": {"name": "Can add Token", "content_type": 12, "codename": "add_token"}}, {"model": "auth.permission", "pk": 46, "fields": {"name": "Can change Token", "content_type": 12, "codename": "change_token"}}, {"model": "auth.permission", "pk": 47, "fields": {"name": "Can delete Token", "content_type": 12, "codename": "delete_token"}}, {"model": "auth.permission", "pk": 48, "fields": {"name": "Can view Token", "content_type": 12, "codename": "view_token"}}, {"model": "auth.permission", "pk": 49, "fields": {"name": "Can add token", "content_type": 13, "codename": "add_tokenproxy"}}, {"model": "auth.permission", "pk": 50, "fields": {"name": "Can change token", "content_type": 13, "codename": "change_tokenproxy"}}, {"model": "auth.permission", "pk": 51, "fields": {"name": "Can delete token", "content_type": 13, "codename": "delete_tokenproxy"}}, {"model": "auth.permission", "pk": 52, "fields": {"name": "Can view token", "content_type": 13, "codename": "view_tokenproxy"}}, {"model": "auth.permission", "pk": 53, "fields": {"name": "Can add user", "content_type": 14, "codename": "add_user"}}, {"model": "auth.permission", "pk": 54, "fields": {"name": "Can change user", "content_type": 14, "codename": "change_user"}}, {"model": "auth.permission", "pk": 55, "fields": {"name": "Can delete user", "content_type": 14, "codename": "delete_user"}}, {"model": "auth.permission", "pk": 56, "fields": {"name": "Can view user", "content_type": 14, "codename": "view_user"}}, {"model": "auth.permission", "pk": 57, "fields": {"name": "Can add role", "content_type": 15, "codename": "add_role"}}, {"model": "auth.permission", "pk": 58, "fields": {"name": "Can change role", "content_type": 15, "codename": "change_role"}}, {"model": "auth.permission", "pk": 59, "fields": {"name": "Can delete role", "content_type": 15, "codename": "delete_role"}}, {"model": "auth.permission", "pk": 60, "fields": {"name": "Can view role", "content_type": 15, "codename": "view_role"}}, {"model": "auth.permission", "pk": 61, "fields": {"name": "Can add site", "content_type": 16, "codename": "add_site"}}, {"model": "auth.permission", "pk": 62, "fields": {"name": "Can change site", "content_type": 16, "codename": "change_site"}}, {"model": "auth.permission", "pk": 63, "fields": {"name": "Can delete site", "content_type": 16, "codename": "delete_site"}}, {"model": "auth.permission", "pk": 64, "fields": {"name": "Can view site", "content_type": 16, "codename": "view_site"}}, {"model": "auth.permission", "pk": 65, "fields": {"name": "Can add membership", "content_type": 17, "codename": "add_membership"}}, {"model": "auth.permission", "pk": 66, "fields": {"name": "Can change membership", "content_type": 17, "codename": "change_membership"}}, {"model": "auth.permission", "pk": 67, "fields": {"name": "Can delete membership", "content_type": 17, "codename": "delete_membership"}}, {"model": "auth.permission", "pk": 68, "fields": {"name": "Can view membership", "content_type": 17, "codename": "view_membership"}}, {"model": "auth.permission", "pk": 69, "fields": {"name": "Can add word", "content_type": 18, "codename": "add_word"}}, {"model": "auth.permission", "pk": 70, "fields": {"name": "Can change word", "content_type": 18, "codename": "change_word"}}, {"model": "auth.permission", "pk": 71, "fields": {"name": "Can delete word", "content_type": 18, "codename": "delete_word"}}, {"model": "auth.permission", "pk": 72, "fields": {"name": "Can view word", "content_type": 18, "codename": "view_word"}}, {"model": "auth.permission", "pk": 73, "fields": {"name": "Can add category", "content_type": 19, "codename": "add_category"}}, {"model": "auth.permission", "pk": 74, "fields": {"name": "Can change category", "content_type": 19, "codename": "change_category"}}, {"model": "auth.permission", "pk": 75, "fields": {"name": "Can delete category", "content_type": 19, "codename": "delete_category"}}, {"model": "auth.permission", "pk": 76, "fields": {"name": "Can view category", "content_type": 19, "codename": "view_category"}}, {"model": "contenttypes.contenttype", "pk": 1, "fields": {"app_label": "auth", "model": "permission"}}, {"model": "contenttypes.contenttype", "pk": 2, "fields": {"app_label": "auth", "model": "group"}}, {"model": "contenttypes.contenttype", "pk": 3, "fields": {"app_label": "contenttypes", "model": "contenttype"}}, {"model": "contenttypes.contenttype", "pk": 4, "fields": {"app_label": "sessions", "model": "session"}}, {"model": "contenttypes.contenttype", "pk": 5, "fields": {"app_label": "sites", "model": "site"}}, {"model": "contenttypes.contenttype", "pk": 6, "fields": {"app_label": "admin", "model": "logentry"}}, {"model": "contenttypes.contenttype", "pk": 7, "fields": {"app_label": "account", "model": "emailaddress"}}, {"model": "contenttypes.contenttype", "pk": 8, "fields": {"app_label": "account", "model": "emailconfirmation"}}, {"model": "contenttypes.contenttype", "pk": 9, "fields": {"app_label": "socialaccount", "model": "socialaccount"}}, {"model": "contenttypes.contenttype", "pk": 10, "fields": {"app_label": "socialaccount", "model": "socialapp"}}, {"model": "contenttypes.contenttype", "pk": 11, "fields": {"app_label": "socialaccount", "model": "socialtoken"}}, {"model": "contenttypes.contenttype", "pk": 12, "fields": {"app_label": "authtoken", "model": "token"}}, {"model": "contenttypes.contenttype", "pk": 13, "fields": {"app_label": "authtoken", "model": "tokenproxy"}}, {"model": "contenttypes.contenttype", "pk": 14, "fields": {"app_label": "users", "model": "user"}}, {"model": "contenttypes.contenttype", "pk": 15, "fields": {"app_label": "app", "model": "role"}}, {"model": "contenttypes.contenttype", "pk": 16, "fields": {"app_label": "app", "model": "site"}}, {"model": "contenttypes.contenttype", "pk": 17, "fields": {"app_label": "app", "model": "membership"}}, {"model": "contenttypes.contenttype", "pk": 18, "fields": {"app_label": "app", "model": "word"}}, {"model": "contenttypes.contenttype", "pk": 19, "fields": {"app_label": "app", "model": "category"}}, {"model": "sessions.session", "pk": "tzkbftjzmhhdgftku0ony5o17pzbysgt", "fields": {"session_data": ".eJxVjEsOwiAYBu_C2hBeDeDSvWcg319AqgaS0q4a725IutDtzGQOFrBvJew9rWGJ7Mo0u_wywvxKdYj4RH00Pre6rQvxkfDTdn5vMb1vZ_s3KOhlbIFIET7nKDJpnW0iryZJDtk5kwUAO1lIZeEglPbwRkOSteSMSuzzBSB-OLc:1paV0K:PKaTl0Lc6buUW9QD5CsGw9k92766kDlgzG7vQfNmuwc", "expire_date": "2023-03-24T05:09:20.532Z"}}, {"model": "sites.site", "pk": 1, "fields": {"domain": "firstvoices.com", "name": "FirstVoices Backend"}}, {"model": "admin.logentry", "pk": 1, "fields": {"action_time": "2023-03-10T03:52:28.724Z", "user": 1, "content_type": 16, "object_id": "a13f3549-feef-446c-b967-6e5fcb580f10", "object_repr": "Team Site", "action_flag": 1, "change_message": "[{\"added\": {}}]"}}, {"model": "admin.logentry", "pk": 2, "fields": {"action_time": "2023-03-10T03:52:33.506Z", "user": 1, "content_type": 16, "object_id": "65a62746-ec29-42d4-b4eb-cdf05f24cb44", "object_repr": "Member Site", "action_flag": 1, "change_message": "[{\"added\": {}}]"}}, {"model": "admin.logentry", "pk": 3, "fields": {"action_time": "2023-03-10T03:52:37.818Z", "user": 1, "content_type": 16, "object_id": "878baf60-127a-4f8a-b257-3e66beb7de9f", "object_repr": "Public Site", "action_flag": 1, "change_message": "[{\"added\": {}}]"}}, {"model": "admin.logentry", "pk": 4, "fields": {"action_time": "2023-03-10T03:52:44.904Z", "user": 1, "content_type": 16, "object_id": "878baf60-127a-4f8a-b257-3e66beb7de9f", "object_repr": "Public Site", "action_flag": 2, "change_message": "[{\"changed\": {\"fields\": [\"State\"]}}]"}}, {"model": "admin.logentry", "pk": 5, "fields": {"action_time": "2023-03-10T03:52:50.391Z", "user": 1, "content_type": 16, "object_id": "65a62746-ec29-42d4-b4eb-cdf05f24cb44", "object_repr": "Member Site", "action_flag": 2, "change_message": "[{\"changed\": {\"fields\": [\"State\"]}}]"}}, {"model": "admin.logentry", "pk": 6, "fields": {"action_time": "2023-03-10T03:53:01.184Z", "user": 1, "content_type": 15, "object_id": "1", "object_repr": "member", "action_flag": 1, "change_message": "[{\"added\": {}}]"}}, {"model": "admin.logentry", "pk": 7, "fields": {"action_time": "2023-03-10T03:53:03.501Z", "user": 1, "content_type": 15, "object_id": "2", "object_repr": "recorder", "action_flag": 1, "change_message": "[{\"added\": {}}]"}}, {"model": "admin.logentry", "pk": 8, "fields": {"action_time": "2023-03-10T03:53:05.664Z", "user": 1, "content_type": 15, "object_id": "3", "object_repr": "editor", "action_flag": 1, "change_message": "[{\"added\": {}}]"}}, {"model": "admin.logentry", "pk": 9, "fields": {"action_time": "2023-03-10T03:53:07.562Z", "user": 1, "content_type": 15, "object_id": "4", "object_repr": "language_admin", "action_flag": 1, "change_message": "[{\"added\": {}}]"}}, {"model": "admin.logentry", "pk": 10, "fields": {"action_time": "2023-03-10T03:54:16.382Z", "user": 1, "content_type": 14, "object_id": "2", "object_repr": "lang_admin_user", "action_flag": 1, "change_message": "[{\"added\": {}}]"}}, {"model": "admin.logentry", "pk": 11, "fields": {"action_time": "2023-03-10T03:54:43.849Z", "user": 1, "content_type": 14, "object_id": "3", "object_repr": "member_user", "action_flag": 1, "change_message": "[{\"added\": {}}]"}}, {"model": "admin.logentry", "pk": 12, "fields": {"action_time": "2023-03-10T03:54:52.528Z", "user": 1, "content_type": 14, "object_id": "4", "object_repr": "editor_user", "action_flag": 1, "change_message": "[{\"added\": {}}]"}}, {"model": "admin.logentry", "pk": 13, "fields": {"action_time": "2023-03-10T03:55:01.277Z", "user": 1, "content_type": 14, "object_id": "5", "object_repr": "recorder_user", "action_flag": 1, "change_message": "[{\"added\": {}}]"}}, {"model": "admin.logentry", "pk": 14, "fields": {"action_time": "2023-03-10T03:55:13.837Z", "user": 1, "content_type": 14, "object_id": "6", "object_repr": "unattached_user", "action_flag": 1, "change_message": "[{\"added\": {}}]"}}, {"model": "admin.logentry", "pk": 15, "fields": {"action_time": "2023-03-10T03:56:12.117Z", "user": 1, "content_type": 17, "object_id": "1", "object_repr": "Membership object (1)", "action_flag": 1, "change_message": "[{\"added\": {}}]"}}, {"model": "admin.logentry", "pk": 16, "fields": {"action_time": "2023-03-10T03:56:24.451Z", "user": 1, "content_type": 17, "object_id": "2", "object_repr": "Membership object (2)", "action_flag": 1, "change_message": "[{\"added\": {}}]"}}, {"model": "admin.logentry", "pk": 17, "fields": {"action_time": "2023-03-10T03:56:35.632Z", "user": 1, "content_type": 17, "object_id": "3", "object_repr": "Membership object (3)", "action_flag": 1, "change_message": "[{\"added\": {}}]"}}, {"model": "admin.logentry", "pk": 18, "fields": {"action_time": "2023-03-10T03:56:47.394Z", "user": 1, "content_type": 17, "object_id": "4", "object_repr": "Membership object (4)", "action_flag": 1, "change_message": "[{\"added\": {}}]"}}, {"model": "admin.logentry", "pk": 19, "fields": {"action_time": "2023-03-10T03:56:54.209Z", "user": 1, "content_type": 17, "object_id": "5", "object_repr": "Membership object (5)", "action_flag": 1, "change_message": "[{\"added\": {}}]"}}, {"model": "admin.logentry", "pk": 20, "fields": {"action_time": "2023-03-10T03:58:34.071Z", "user": 1, "content_type": 14, "object_id": "4", "object_repr": "a_editor_user", "action_flag": 2, "change_message": "[{\"changed\": {\"fields\": [\"Username\"]}}]"}}, {"model": "admin.logentry", "pk": 21, "fields": {"action_time": "2023-03-10T03:58:41.655Z", "user": 1, "content_type": 14, "object_id": "2", "object_repr": "a_lang_admin_user", "action_flag": 2, "change_message": "[{\"changed\": {\"fields\": [\"Username\"]}}]"}}, {"model": "admin.logentry", "pk": 22, "fields": {"action_time": "2023-03-10T03:58:47.305Z", "user": 1, "content_type": 14, "object_id": "3", "object_repr": "a_member_user", "action_flag": 2, "change_message": "[{\"changed\": {\"fields\": [\"Username\"]}}]"}}, {"model": "admin.logentry", "pk": 23, "fields": {"action_time": "2023-03-10T03:58:52.965Z", "user": 1, "content_type": 14, "object_id": "5", "object_repr": "a_recorder_user", "action_flag": 2, "change_message": "[{\"changed\": {\"fields\": [\"Username\"]}}]"}}, {"model": "admin.logentry", "pk": 24, "fields": {"action_time": "2023-03-10T03:59:21.285Z", "user": 1, "content_type": 14, "object_id": "7", "object_repr": "z_lang_admin_user", "action_flag": 1, "change_message": "[{\"added\": {}}]"}}, {"model": "admin.logentry", "pk": 25, "fields": {"action_time": "2023-03-10T03:59:30.043Z", "user": 1, "content_type": 14, "object_id": "8", "object_repr": "z_member_user", "action_flag": 1, "change_message": "[{\"added\": {}}]"}}, {"model": "admin.logentry", "pk": 26, "fields": {"action_time": "2023-03-10T03:59:46.308Z", "user": 1, "content_type": 14, "object_id": "9", "object_repr": "m_lang_admin_user", "action_flag": 1, "change_message": "[{\"added\": {}}]"}}, {"model": "admin.logentry", "pk": 27, "fields": {"action_time": "2023-03-10T03:59:54.114Z", "user": 1, "content_type": 14, "object_id": "10", "object_repr": "m_member_user", "action_flag": 1, "change_message": "[{\"added\": {}}]"}}, {"model": "admin.logentry", "pk": 28, "fields": {"action_time": "2023-03-10T04:00:00.546Z", "user": 1, "content_type": 14, "object_id": "11", "object_repr": "m_editor_user", "action_flag": 1, "change_message": "[{\"added\": {}}]"}}, {"model": "admin.logentry", "pk": 29, "fields": {"action_time": "2023-03-10T04:00:09.847Z", "user": 1, "content_type": 14, "object_id": "12", "object_repr": "m_recorder_user", "action_flag": 1, "change_message": "[{\"added\": {}}]"}}, {"model": "admin.logentry", "pk": 30, "fields": {"action_time": "2023-03-10T04:00:34.152Z", "user": 1, "content_type": 14, "object_id": "13", "object_repr": "z_editor_user", "action_flag": 1, "change_message": "[{\"added\": {}}]"}}, {"model": "admin.logentry", "pk": 31, "fields": {"action_time": "2023-03-10T04:00:42.081Z", "user": 1, "content_type": 14, "object_id": "14", "object_repr": "z_recorder_user", "action_flag": 1, "change_message": "[{\"added\": {}}]"}}, {"model": "admin.logentry", "pk": 32, "fields": {"action_time": "2023-03-10T04:01:05.130Z", "user": 1, "content_type": 17, "object_id": "3", "object_repr": "Public Site / a_member_user / member", "action_flag": 2, "change_message": "[{\"changed\": {\"fields\": [\"Site\"]}}]"}}, {"model": "admin.logentry", "pk": 33, "fields": {"action_time": "2023-03-10T04:01:10.018Z", "user": 1, "content_type": 17, "object_id": "2", "object_repr": "Public Site / a_editor_user / editor", "action_flag": 2, "change_message": "[{\"changed\": {\"fields\": [\"Site\"]}}]"}}, {"model": "admin.logentry", "pk": 34, "fields": {"action_time": "2023-03-10T04:01:19.951Z", "user": 1, "content_type": 17, "object_id": "1", "object_repr": "Team Site / a_lang_admin_user / language_admin", "action_flag": 3, "change_message": ""}}, {"model": "admin.logentry", "pk": 35, "fields": {"action_time": "2023-03-10T04:01:31.335Z", "user": 1, "content_type": 17, "object_id": "6", "object_repr": "Team Site / z_editor_user / editor", "action_flag": 1, "change_message": "[{\"added\": {}}]"}}, {"model": "admin.logentry", "pk": 36, "fields": {"action_time": "2023-03-10T04:01:37.503Z", "user": 1, "content_type": 17, "object_id": "7", "object_repr": "Team Site / z_lang_admin_user / language_admin", "action_flag": 1, "change_message": "[{\"added\": {}}]"}}, {"model": "admin.logentry", "pk": 37, "fields": {"action_time": "2023-03-10T04:01:43.913Z", "user": 1, "content_type": 17, "object_id": "8", "object_repr": "Team Site / z_member_user / member", "action_flag": 1, "change_message": "[{\"added\": {}}]"}}, {"model": "admin.logentry", "pk": 38, "fields": {"action_time": "2023-03-10T04:01:50.672Z", "user": 1, "content_type": 17, "object_id": "9", "object_repr": "Team Site / z_recorder_user / recorder", "action_flag": 1, "change_message": "[{\"added\": {}}]"}}, {"model": "admin.logentry", "pk": 39, "fields": {"action_time": "2023-03-10T04:01:58.352Z", "user": 1, "content_type": 17, "object_id": "10", "object_repr": "Member Site / m_editor_user / editor", "action_flag": 1, "change_message": "[{\"added\": {}}]"}}, {"model": "admin.logentry", "pk": 40, "fields": {"action_time": "2023-03-10T04:02:04.436Z", "user": 1, "content_type": 17, "object_id": "11", "object_repr": "Member Site / m_lang_admin_user / language_admin", "action_flag": 1, "change_message": "[{\"added\": {}}]"}}, {"model": "admin.logentry", "pk": 41, "fields": {"action_time": "2023-03-10T04:02:10.492Z", "user": 1, "content_type": 17, "object_id": "12", "object_repr": "Member Site / m_member_user / member", "action_flag": 1, "change_message": "[{\"added\": {}}]"}}, {"model": "admin.logentry", "pk": 42, "fields": {"action_time": "2023-03-10T04:02:16.309Z", "user": 1, "content_type": 17, "object_id": "13", "object_repr": "Member Site / m_recorder_user / recorder", "action_flag": 1, "change_message": "[{\"added\": {}}]"}}, {"model": "admin.logentry", "pk": 43, "fields": {"action_time": "2023-03-10T04:02:27.492Z", "user": 1, "content_type": 14, "object_id": "4", "object_repr": "p_editor_user", "action_flag": 2, "change_message": "[{\"changed\": {\"fields\": [\"Username\"]}}]"}}, {"model": "admin.logentry", "pk": 44, "fields": {"action_time": "2023-03-10T04:02:32.997Z", "user": 1, "content_type": 14, "object_id": "2", "object_repr": "p_lang_admin_user", "action_flag": 2, "change_message": "[{\"changed\": {\"fields\": [\"Username\"]}}]"}}, {"model": "admin.logentry", "pk": 45, "fields": {"action_time": "2023-03-10T04:02:37.258Z", "user": 1, "content_type": 14, "object_id": "3", "object_repr": "p_member_user", "action_flag": 2, "change_message": "[{\"changed\": {\"fields\": [\"Username\"]}}]"}}, {"model": "admin.logentry", "pk": 46, "fields": {"action_time": "2023-03-10T04:02:41.728Z", "user": 1, "content_type": 14, "object_id": "5", "object_repr": "p_recorder_user", "action_flag": 2, "change_message": "[{\"changed\": {\"fields\": [\"Username\"]}}]"}}, {"model": "admin.logentry", "pk": 47, "fields": {"action_time": "2023-03-10T04:02:48.709Z", "user": 1, "content_type": 14, "object_id": "13", "object_repr": "t_editor_user", "action_flag": 2, "change_message": "[{\"changed\": {\"fields\": [\"Username\"]}}]"}}, {"model": "admin.logentry", "pk": 48, "fields": {"action_time": "2023-03-10T04:02:53.351Z", "user": 1, "content_type": 14, "object_id": "7", "object_repr": "t_lang_admin_user", "action_flag": 2, "change_message": "[{\"changed\": {\"fields\": [\"Username\"]}}]"}}, {"model": "admin.logentry", "pk": 49, "fields": {"action_time": "2023-03-10T04:02:58.209Z", "user": 1, "content_type": 14, "object_id": "8", "object_repr": "t_member_user", "action_flag": 2, "change_message": "[{\"changed\": {\"fields\": [\"Username\"]}}]"}}, {"model": "admin.logentry", "pk": 50, "fields": {"action_time": "2023-03-10T04:03:02.442Z", "user": 1, "content_type": 14, "object_id": "14", "object_repr": "t_recorder_user", "action_flag": 2, "change_message": "[{\"changed\": {\"fields\": [\"Username\"]}}]"}}, {"model": "admin.logentry", "pk": 51, "fields": {"action_time": "2023-03-10T04:03:13.056Z", "user": 1, "content_type": 16, "object_id": "a13f3549-feef-446c-b967-6e5fcb580f10", "object_repr": "Teamlish", "action_flag": 2, "change_message": "[{\"changed\": {\"fields\": [\"Title\"]}}]"}}, {"model": "admin.logentry", "pk": 52, "fields": {"action_time": "2023-03-10T04:03:18.479Z", "user": 1, "content_type": 16, "object_id": "878baf60-127a-4f8a-b257-3e66beb7de9f", "object_repr": "Publican", "action_flag": 2, "change_message": "[{\"changed\": {\"fields\": [\"Title\"]}}]"}}, {"model": "admin.logentry", "pk": 53, "fields": {"action_time": "2023-03-10T04:03:24.399Z", "user": 1, "content_type": 16, "object_id": "65a62746-ec29-42d4-b4eb-cdf05f24cb44", "object_repr": "Memberese", "action_flag": 2, "change_message": "[{\"changed\": {\"fields\": [\"Title\"]}}]"}}, {"model": "admin.logentry", "pk": 54, "fields": {"action_time": "2023-03-10T04:04:03.149Z", "user": 1, "content_type": 18, "object_id": "6d45ee12-2fd6-4762-b015-898d41704dfb", "object_repr": "potato", "action_flag": 1, "change_message": "[{\"added\": {}}]"}}, {"model": "admin.logentry", "pk": 55, "fields": {"action_time": "2023-03-10T04:07:24.903Z", "user": 1, "content_type": 18, "object_id": "009d9558-ced1-4026-b86c-1f19e87b5643", "object_repr": "manatee", "action_flag": 1, "change_message": "[{\"added\": {}}]"}}, {"model": "admin.logentry", "pk": 56, "fields": {"action_time": "2023-03-10T04:07:33.687Z", "user": 1, "content_type": 18, "object_id": "3d1ea0e1-ddf6-4328-b6e7-49a6dc029bba", "object_repr": "trapeze", "action_flag": 1, "change_message": "[{\"added\": {}}]"}}, {"model": "admin.logentry", "pk": 57, "fields": {"action_time": "2023-03-10T04:07:46.896Z", "user": 1, "content_type": 18, "object_id": "f2df18a2-da5c-4853-bbde-ef0d8efb1ff0", "object_repr": "train", "action_flag": 1, "change_message": "[{\"added\": {}}]"}}, {"model": "admin.logentry", "pk": 58, "fields": {"action_time": "2023-03-10T04:08:14.115Z", "user": 1, "content_type": 18, "object_id": "7ad05afd-a289-45c6-a9db-48b00f66fd20", "object_repr": "telluride", "action_flag": 1, "change_message": "[{\"added\": {}}]"}}, {"model": "admin.logentry", "pk": 59, "fields": {"action_time": "2023-03-10T04:08:34.525Z", "user": 1, "content_type": 18, "object_id": "a57feb08-528e-44c1-883e-d859f92eb10c", "object_repr": "metonymy", "action_flag": 1, "change_message": "[{\"added\": {}}]"}}, {"model": "admin.logentry", "pk": 60, "fields": {"action_time": "2023-03-10T04:10:08.494Z", "user": 1, "content_type": 19, "object_id": "39171407-b3ff-4565-ba0e-2ea036fee318", "object_repr": "Treats", "action_flag": 1, "change_message": "[{\"added\": {}}]"}}, {"model": "admin.logentry", "pk": 61, "fields": {"action_time": "2023-03-10T04:10:42.523Z", "user": 1, "content_type": 19, "object_id": "37c0a70d-8d32-4f43-bc33-f187a9085e67", "object_repr": "Meats", "action_flag": 1, "change_message": "[{\"added\": {}}]"}}, {"model": "admin.logentry", "pk": 62, "fields": {"action_time": "2023-03-10T04:10:51.566Z", "user": 1, "content_type": 19, "object_id": "ef352f01-bb86-43ff-8bd1-b0da4e53dbea", "object_repr": "Parakeets", "action_flag": 1, "change_message": "[{\"added\": {}}]"}}, {"model": "admin.logentry", "pk": 63, "fields": {"action_time": "2023-03-10T05:09:03.824Z", "user": 1, "content_type": 14, "object_id": "3", "object_repr": "p_member_user", "action_flag": 2, "change_message": "[{\"changed\": {\"fields\": [\"Staff status\"]}}]"}}, {"model": "app.site", "pk": "65a62746-ec29-42d4-b4eb-cdf05f24cb44", "fields": {"title": "Memberese", "state": "enabled"}}, {"model": "app.site", "pk": "878baf60-127a-4f8a-b257-3e66beb7de9f", "fields": {"title": "Publican", "state": "published"}}, {"model": "app.site", "pk": "a13f3549-feef-446c-b967-6e5fcb580f10", "fields": {"title": "Teamlish", "state": "new"}}, {"model": "app.role", "pk": 1, "fields": {"name": "member"}}, {"model": "app.role", "pk": 2, "fields": {"name": "recorder"}}, {"model": "app.role", "pk": 3, "fields": {"name": "editor"}}, {"model": "app.role", "pk": 4, "fields": {"name": "language_admin"}}, {"model": "app.membership", "pk": 2, "fields": {"site": "878baf60-127a-4f8a-b257-3e66beb7de9f", "user": 4, "role": 3}}, {"model": "app.membership", "pk": 3, "fields": {"site": "878baf60-127a-4f8a-b257-3e66beb7de9f", "user": 3, "role": 1}}, {"model": "app.membership", "pk": 4, "fields": {"site": "878baf60-127a-4f8a-b257-3e66beb7de9f", "user": 2, "role": 4}}, {"model": "app.membership", "pk": 5, "fields": {"site": "878baf60-127a-4f8a-b257-3e66beb7de9f", "user": 5, "role": 2}}, {"model": "app.membership", "pk": 6, "fields": {"site": "a13f3549-feef-446c-b967-6e5fcb580f10", "user": 13, "role": 3}}, {"model": "app.membership", "pk": 7, "fields": {"site": "a13f3549-feef-446c-b967-6e5fcb580f10", "user": 7, "role": 4}}, {"model": "app.membership", "pk": 8, "fields": {"site": "a13f3549-feef-446c-b967-6e5fcb580f10", "user": 8, "role": 1}}, {"model": "app.membership", "pk": 9, "fields": {"site": "a13f3549-feef-446c-b967-6e5fcb580f10", "user": 14, "role": 2}}, {"model": "app.membership", "pk": 10, "fields": {"site": "65a62746-ec29-42d4-b4eb-cdf05f24cb44", "user": 11, "role": 3}}, {"model": "app.membership", "pk": 11, "fields": {"site": "65a62746-ec29-42d4-b4eb-cdf05f24cb44", "user": 9, "role": 4}}, {"model": "app.membership", "pk": 12, "fields": {"site": "65a62746-ec29-42d4-b4eb-cdf05f24cb44", "user": 10, "role": 1}}, {"model": "app.membership", "pk": 13, "fields": {"site": "65a62746-ec29-42d4-b4eb-cdf05f24cb44", "user": 12, "role": 2}}, {"model": "app.word", "pk": "009d9558-ced1-4026-b86c-1f19e87b5643", "fields": {"title": "manatee", "site": "878baf60-127a-4f8a-b257-3e66beb7de9f", "state": "enabled"}}, {"model": "app.word", "pk": "3d1ea0e1-ddf6-4328-b6e7-49a6dc029bba", "fields": {"title": "trapeze", "site": "878baf60-127a-4f8a-b257-3e66beb7de9f", "state": "new"}}, {"model": "app.word", "pk": "6d45ee12-2fd6-4762-b015-898d41704dfb", "fields": {"title": "potato", "site": "878baf60-127a-4f8a-b257-3e66beb7de9f", "state": "published"}}, {"model": "app.word", "pk": "7ad05afd-a289-45c6-a9db-48b00f66fd20", "fields": {"title": "telluride", "site": "65a62746-ec29-42d4-b4eb-cdf05f24cb44", "state": "new"}}, {"model": "app.word", "pk": "a57feb08-528e-44c1-883e-d859f92eb10c", "fields": {"title": "metonymy", "site": "65a62746-ec29-42d4-b4eb-cdf05f24cb44", "state": "enabled"}}, {"model": "app.word", "pk": "f2df18a2-da5c-4853-bbde-ef0d8efb1ff0", "fields": {"title": "train", "site": "a13f3549-feef-446c-b967-6e5fcb580f10", "state": "new"}}, {"model": "app.category", "pk": "37c0a70d-8d32-4f43-bc33-f187a9085e67", "fields": {"title": "Meats", "site": "65a62746-ec29-42d4-b4eb-cdf05f24cb44", "words": []}}, {"model": "app.category", "pk": "39171407-b3ff-4565-ba0e-2ea036fee318", "fields": {"title": "Treats", "site": "a13f3549-feef-446c-b967-6e5fcb580f10", "words": []}}, {"model": "app.category", "pk": "ef352f01-bb86-43ff-8bd1-b0da4e53dbea", "fields": {"title": "Parakeets", "site": "878baf60-127a-4f8a-b257-3e66beb7de9f", "words": []}}, {"model": "account.emailaddress", "pk": 1, "fields": {"user": 1, "email": "sarahm@fpcc.ca", "verified": false, "primary": false}}, {"model": "users.user", "pk": 1, "fields": {"password": "argon2$argon2id$v=19$m=102400,t=2,p=8$anR0SG1OSzN6UGhyQ0I5YVY3UU54Vg$Fv9PUzszMfZoLevrbd0R/58C+ILpLTGSjnDpybbeFgU", "last_login": "2023-03-10T05:08:48.093Z", "is_superuser": true, "username": "admin", "email": "sarahm@fpcc.ca", "is_staff": true, "is_active": true, "date_joined": "2023-03-10T03:50:33.911Z", "name": "", "groups": [], "user_permissions": []}}, {"model": "users.user", "pk": 2, "fields": {"password": "argon2$argon2id$v=19$m=102400,t=2,p=8$U3Y1b2lKYlJ4TktqcHhXUDdDZVZSaw$P9zE+OuNf6Ro5qMwEEUn1qlJD5DhJOX9mv2AEsouKtY", "last_login": null, "is_superuser": false, "username": "p_lang_admin_user", "email": "", "is_staff": false, "is_active": true, "date_joined": "2023-03-10T03:54:16Z", "name": "", "groups": [], "user_permissions": []}}, {"model": "users.user", "pk": 3, "fields": {"password": "argon2$argon2id$v=19$m=102400,t=2,p=8$OEFRMUZPRzlBelpaNUEwMjU0RlY0bw$pi8tlEc0Cm41AKwVG/t6F483LwDVWQ3Wzqv3aU8Iikk", "last_login": "2023-03-10T05:09:20.509Z", "is_superuser": false, "username": "p_member_user", "email": "", "is_staff": true, "is_active": true, "date_joined": "2023-03-10T03:54:43Z", "name": "", "groups": [], "user_permissions": []}}, {"model": "users.user", "pk": 4, "fields": {"password": "argon2$argon2id$v=19$m=102400,t=2,p=8$RVhURUlSazk5ZHl3Q3dkbm9qMHRwZw$Hpjfgx5Dc5vkRM//8Hr85gC1Ru4paXP8DkOTDcRGDMY", "last_login": null, "is_superuser": false, "username": "p_editor_user", "email": "", "is_staff": false, "is_active": true, "date_joined": "2023-03-10T03:54:52Z", "name": "", "groups": [], "user_permissions": []}}, {"model": "users.user", "pk": 5, "fields": {"password": "argon2$argon2id$v=19$m=102400,t=2,p=8$VHljbWFQTGtKMXdZc1dwS2tCVm91aA$OxFmN35pY6aFSkSEmeJAh5GRl+rVOY7Vn6ZLg0tYUNg", "last_login": null, "is_superuser": false, "username": "p_recorder_user", "email": "", "is_staff": false, "is_active": true, "date_joined": "2023-03-10T03:55:01Z", "name": "", "groups": [], "user_permissions": []}}, {"model": "users.user", "pk": 6, "fields": {"password": "argon2$argon2id$v=19$m=102400,t=2,p=8$RlA2NWNlcE44c0twSWJuMFVJbTFCcQ$bvXRzxDqaWSDArZXrCYULnK5p0wfWVpDoib7iOlEO6M", "last_login": null, "is_superuser": false, "username": "unattached_user", "email": "", "is_staff": false, "is_active": true, "date_joined": "2023-03-10T03:55:13.781Z", "name": "", "groups": [], "user_permissions": []}}, {"model": "users.user", "pk": 7, "fields": {"password": "argon2$argon2id$v=19$m=102400,t=2,p=8$TTFnTVFUSlVhYVpoaTV6UVJvRDB4TA$XRPjVEgiw2o4j2kLuNoE8+CvZ85M2qHG2Orh2N68ors", "last_login": null, "is_superuser": false, "username": "t_lang_admin_user", "email": "", "is_staff": false, "is_active": true, "date_joined": "2023-03-10T03:59:21Z", "name": "", "groups": [], "user_permissions": []}}, {"model": "users.user", "pk": 8, "fields": {"password": "argon2$argon2id$v=19$m=102400,t=2,p=8$UlBGc0tZTVVHQ0FNQ2VwTlN5b0ZuYQ$i7D4unFw2ojybjH1udVJIFz89tCbq6Feh7NDtI+gpj4", "last_login": null, "is_superuser": false, "username": "t_member_user", "email": "", "is_staff": false, "is_active": true, "date_joined": "2023-03-10T03:59:29Z", "name": "", "groups": [], "user_permissions": []}}, {"model": "users.user", "pk": 9, "fields": {"password": "argon2$argon2id$v=19$m=102400,t=2,p=8$Z2hjVHNkRmNYTnRnMUl1YjRWcTBadg$2Vi4Kkd0NSmdPxasndRoCB4f26O+1VoUn01G4QdVbw0", "last_login": null, "is_superuser": false, "username": "m_lang_admin_user", "email": "", "is_staff": false, "is_active": true, "date_joined": "2023-03-10T03:59:46.255Z", "name": "", "groups": [], "user_permissions": []}}, {"model": "users.user", "pk": 10, "fields": {"password": "argon2$argon2id$v=19$m=102400,t=2,p=8$dlpsa3NYUUpsdE1iM0tIUjRSSHhpRQ$Yiok4qx4/j8BY3TF0d3eUbHScqcTmwIKCV1HDe52+3I", "last_login": null, "is_superuser": false, "username": "m_member_user", "email": "", "is_staff": false, "is_active": true, "date_joined": "2023-03-10T03:59:54.061Z", "name": "", "groups": [], "user_permissions": []}}, {"model": "users.user", "pk": 11, "fields": {"password": "argon2$argon2id$v=19$m=102400,t=2,p=8$WkM3RHZ4ektacEplNnNKOE9pMVlrVg$hXF+d86rdTq83SFWpXwGguZIZrgO2A8r/SNTx9VtGDM", "last_login": null, "is_superuser": false, "username": "m_editor_user", "email": "", "is_staff": false, "is_active": true, "date_joined": "2023-03-10T04:00:00.493Z", "name": "", "groups": [], "user_permissions": []}}, {"model": "users.user", "pk": 12, "fields": {"password": "argon2$argon2id$v=19$m=102400,t=2,p=8$d2czYnM4Y2NlVkF0Rlh5RElJaUt4cA$eNcRX9EvgaFDnzpRHS52847nv6hGZ7ik5zi+7ZAo1eU", "last_login": null, "is_superuser": false, "username": "m_recorder_user", "email": "", "is_staff": false, "is_active": true, "date_joined": "2023-03-10T04:00:09.796Z", "name": "", "groups": [], "user_permissions": []}}, {"model": "users.user", "pk": 13, "fields": {"password": "argon2$argon2id$v=19$m=102400,t=2,p=8$TmdKSk91WTYwalgzdnVDSzhDc1hyWg$3EUlwwB3FgIVCiWkGzbVrUymKeIWPuXUE1BPUqK5ij8", "last_login": null, "is_superuser": false, "username": "t_editor_user", "email": "", "is_staff": false, "is_active": true, "date_joined": "2023-03-10T04:00:34Z", "name": "", "groups": [], "user_permissions": []}}, {"model": "users.user", "pk": 14, "fields": {"password": "argon2$argon2id$v=19$m=102400,t=2,p=8$bk80RTZjZGJKM1JHUUlzVzQ1b1p1MQ$LmPoKwCste/lkNgSTxISx+rqg4fLmsIETb0hnd368dA", "last_login": null, "is_superuser": false, "username": "t_recorder_user", "email": "", "is_staff": false, "is_active": true, "date_joined": "2023-03-10T04:00:42Z", "name": "", "groups": [], "user_permissions": []}}]
